{"cameraMode":{"drawMode":0,"name":"Shaded","section":"Shading Mode"},"sceneLighting":true,"audioPlay":false,"sceneViewState":{"m_AlwaysRefresh":false,"showFog":true,"showSkybox":true,"showFlares":true,"showImageEffects":true,"showParticleSystems":true,"showVisualEffectGraphs":true,"m_FxEnabled":true},"in2DMode":false,"pivot":{"x":495.7482604980469,"y":276.6385803222656,"z":476.7680358886719},"rotation":{"x":-0.05278531834483147,"y":-0.0009019389981403947,"z":0.00004769422230310738,"w":-0.9986090064048767},"size":727.9706420898438,"orthographic":false}